{
    "1.0": {
        "rot": [
            0.0,
            -0.0,
            0.0
        ],
        "pos": [
            2600.0,
            799.9848022460938,
            -6.25
        ]
    },
    "771.0": {
        "rot": [
            0.0,
            -0.0,
            0.0
        ],
        "pos": [
            2600.0,
            272.5413818359375,
            -6.25
        ]
    },
    "261.0": {
        "rot": [
            0.0,
            -0.0,
            0.0
        ],
        "pos": [
            2600.0,
            -114.38372802734375,
            -6.25
        ]
    },
    "521.0": {
        "rot": [
            0.0,
            -0.0,
            0.0
        ],
        "pos": [
            2600.0,
            -774.1563720703125,
            -6.25
        ]
    },
    "11.0": {
        "rot": [
            0.0,
            -0.0,
            0.0
        ],
        "pos": [
            2600.0,
            798.1551513671875,
            -6.25
        ]
    },
    "781.0": {
        "rot": [
            0.0,
            -0.0,
            0.0
        ],
        "pos": [
            2600.0,
            322.78656005859375,
            -6.25
        ]
    },
    "271.0": {
        "rot": [
            0.0,
            -0.0,
            0.0
        ],
        "pos": [
            2600.0,
            -168.07708740234375,
            -6.25
        ]
    },
    "531.0": {
        "rot": [
            0.0,
            -0.0,
            0.0
        ],
        "pos": [
            2600.0,
            -759.9362182617188,
            -6.25
        ]
    },
    "21.0": {
        "rot": [
            0.0,
            -0.0,
            0.0
        ],
        "pos": [
            2600.0,
            793.2548828125,
            -6.25
        ]
    },
    "791.0": {
        "rot": [
            0.0,
            -0.0,
            0.0
        ],
        "pos": [
            2600.0,
            371.3797607421875,
            -6.25
        ]
    },
    "281.0": {
        "rot": [
            0.0,
            -0.0,
            0.0
        ],
        "pos": [
            2600.0,
            -220.88616943359375,
            -6.25
        ]
    },
    "541.0": {
        "rot": [
            0.0,
            -0.0,
            0.0
        ],
        "pos": [
            2600.0,
            -742.6039428710938,
            -6.25
        ]
    },
    "31.0": {
        "rot": [
            0.0,
            -0.0,
            0.0
        ],
        "pos": [
            2600.0,
            785.2604370117188,
            -6.25
        ]
    },
    "801.0": {
        "rot": [
            0.0,
            -0.0,
            0.0
        ],
        "pos": [
            2600.0,
            418.0960693359375,
            -6.25
        ]
    },
    "291.0": {
        "rot": [
            0.0,
            -0.0,
            0.0
        ],
        "pos": [
            2600.0,
            -272.5413818359375,
            -6.25
        ]
    },
    "551.0": {
        "rot": [
            0.0,
            -0.0,
            0.0
        ],
        "pos": [
            2600.0,
            -722.1751098632812,
            -6.25
        ]
    },
    "41.0": {
        "rot": [
            0.0,
            -0.0,
            0.0
        ],
        "pos": [
            2600.0,
            774.1563720703125,
            -6.25
        ]
    },
    "811.0": {
        "rot": [
            0.0,
            -0.0,
            0.0
        ],
        "pos": [
            2600.0,
            462.7296142578125,
            -6.25
        ]
    },
    "301.0": {
        "rot": [
            0.0,
            -0.0,
            0.0
        ],
        "pos": [
            2600.0,
            -322.78656005859375,
            -6.25
        ]
    },
    "561.0": {
        "rot": [
            0.0,
            -0.0,
            0.0
        ],
        "pos": [
            2600.0,
            -698.6781616210938,
            -6.25
        ]
    },
    "51.0": {
        "rot": [
            0.0,
            -0.0,
            0.0
        ],
        "pos": [
            2600.0,
            759.9362182617188,
            -6.25
        ]
    },
    "821.0": {
        "rot": [
            0.0,
            -0.0,
            0.0
        ],
        "pos": [
            2600.0,
            505.0924072265625,
            -6.25
        ]
    },
    "311.0": {
        "rot": [
            0.0,
            -0.0,
            0.0
        ],
        "pos": [
            2600.0,
            -371.3797607421875,
            -6.25
        ]
    },
    "571.0": {
        "rot": [
            0.0,
            -0.0,
            0.0
        ],
        "pos": [
            2600.0,
            -672.1558837890625,
            -6.25
        ]
    },
    "61.0": {
        "rot": [
            0.0,
            -0.0,
            0.0
        ],
        "pos": [
            2600.0,
            742.6039428710938,
            -6.25
        ]
    },
    "831.0": {
        "rot": [
            0.0,
            -0.0,
            0.0
        ],
        "pos": [
            2600.0,
            545.0179443359375,
            -6.25
        ]
    },
    "321.0": {
        "rot": [
            0.0,
            -0.0,
            0.0
        ],
        "pos": [
            2600.0,
            -418.0960693359375,
            -6.25
        ]
    },
    "581.0": {
        "rot": [
            0.0,
            -0.0,
            0.0
        ],
        "pos": [
            2600.0,
            -642.6664428710938,
            -6.25
        ]
    },
    "71.0": {
        "rot": [
            0.0,
            -0.0,
            0.0
        ],
        "pos": [
            2600.0,
            722.1751098632812,
            -6.25
        ]
    },
    "841.0": {
        "rot": [
            0.0,
            -0.0,
            0.0
        ],
        "pos": [
            2600.0,
            582.35888671875,
            -6.25
        ]
    },
    "331.0": {
        "rot": [
            0.0,
            -0.0,
            0.0
        ],
        "pos": [
            2600.0,
            -462.7296142578125,
            -6.25
        ]
    },
    "591.0": {
        "rot": [
            0.0,
            -0.0,
            0.0
        ],
        "pos": [
            2600.0,
            -610.2848510742188,
            -6.25
        ]
    },
    "81.0": {
        "rot": [
            0.0,
            -0.0,
            0.0
        ],
        "pos": [
            2600.0,
            698.6781616210938,
            -6.25
        ]
    },
    "851.0": {
        "rot": [
            0.0,
            -0.0,
            0.0
        ],
        "pos": [
            2600.0,
            616.9884033203125,
            -6.25
        ]
    },
    "341.0": {
        "rot": [
            0.0,
            -0.0,
            0.0
        ],
        "pos": [
            2600.0,
            -505.0924072265625,
            -6.25
        ]
    },
    "601.0": {
        "rot": [
            0.0,
            -0.0,
            0.0
        ],
        "pos": [
            2600.0,
            -575.1038818359375,
            -6.25
        ]
    },
    "91.0": {
        "rot": [
            0.0,
            -0.0,
            0.0
        ],
        "pos": [
            2600.0,
            672.1558837890625,
            -6.25
        ]
    },
    "861.0": {
        "rot": [
            0.0,
            -0.0,
            0.0
        ],
        "pos": [
            2600.0,
            648.7982177734375,
            -6.25
        ]
    },
    "351.0": {
        "rot": [
            0.0,
            -0.0,
            0.0
        ],
        "pos": [
            2600.0,
            -545.0179443359375,
            -6.25
        ]
    },
    "611.0": {
        "rot": [
            0.0,
            -0.0,
            0.0
        ],
        "pos": [
            2600.0,
            -537.2351684570312,
            -6.25
        ]
    },
    "101.0": {
        "rot": [
            0.0,
            -0.0,
            0.0
        ],