{
    "256.0": {
        "rot": [
            0.0,
            -0.0,
            44.999994422049916
        ],
        "pos": [
            445.2340393066406,
            262.0762939453125,
            -12.5
        ]
    },
    "1.0": {
        "rot": [
            0.0,
            -0.0,
            44.999994422049916
        ],
        "pos": [
            565.8875122070312,
            141.4227294921875,
            -12.5
        ]
    },
    "646.0": {
        "rot": [
            0.0,
            -0.0,
            44.999994422049916
        ],
        "pos": [
            556.200927734375,
            151.10931396484375,
            -12.5
        ]
    },
    "391.0": {
        "rot": [
            0.0,
            -0.0,
            44.999994422049916
        ],
        "pos": [
            425.98089599609375,
            281.32940673828125,
            -12.5
        ]
    },
    "136.0": {
        "rot": [
            0.0,
            -0.0,
            44.999994422049916
        ],
        "pos": [
            527.5281372070312,
            179.7821502685547,
            -12.5
        ]
    },
    "526.0": {
        "rot": [
            0.0,
            -0.0,
            44.999994422049916
        ],
        "pos": [
            484.2569274902344,
            223.05337524414062,
            -12.5
        ]
    },
    "271.0": {
        "rot": [
            0.0,
            -0.0,
            44.999994422049916
        ],
        "pos": [
            439.0721740722656,
            268.2381286621094,
            -12.5
        ]
    },
    "16.0": {
        "rot": [
            0.0,
            -0.0,
            44.999994422049916
        ],
        "pos": [
            565.5012817382812,
            141.8090057373047,
            -12.5
        ]
    },
    "661.0": {
        "rot": [
            0.0,
            -0.0,
            44.999994422049916
        ],
        "pos": [
            559.9793701171875,
            147.3308868408203,
            -12.5
        ]
    },
    "406.0": {
        "rot": [
            0.0,
            -0.0,
            44.999994422049916
        ],
        "pos": [
            427.9353332519531,
            279.375,
            -12.5
        ]
    },
    "151.0": {
        "rot": [
            0.0,
            -0.0,
            44.999994422049916
        ],
        "pos": [
            517.2924194335938,
            190.01785278320312,
            -12.5
        ]
    },
    "541.0": {
        "rot": [
            0.0,
            -0.0,
            44.999994422049916
        ],
        "pos": [
            495.9639892578125,
            211.3463134765625,
            -12.5
        ]
    },
    "286.0": {
        "rot": [
            0.0,
            -0.0,
            44.999994422049916
        ],
        "pos": [
            434.15570068359375,
            273.15460205078125,
            -12.5
        ]
    },
    "31.0": {
        "rot": [
            0.0,
            -0.0,
            44.999994422049916
        ],
        "pos": [
            564.375732421875,
            142.93450927734375,
            -12.5
        ]
    },
    "676.0": {
        "rot": [
            0.0,
            -0.0,
            44.999994422049916
        ],
        "pos": [
            562.7333374023438,
            144.57693481445312,
            -12.5
        ]
    },
    "421.0": {
        "rot": [
            0.0,
            -0.0,
            44.999994422049916
        ],
        "pos": [
            430.81939697265625,
            276.49090576171875,
            -12.5
        ]
    },
    "166.0": {
        "rot": [
            0.0,
            -0.0,
            44.999994422049916
        ],
        "pos": [
            506.0997314453125,
            201.21055603027344,
            -12.5
        ]
    },
    "556.0": {
        "rot": [
            0.0,
            -0.0,
            44.999994422049916
        ],
        "pos": [
            507.6330261230469,
            199.67727661132812,
            -12.5
        ]
    },
    "301.0": {
        "rot": [
            0.0,
            -0.0,
            44.999994422049916
        ],
        "pos": [
            430.3772888183594,
            276.93304443359375,
            -12.5
        ]
    },
    "46.0": {
        "rot": [
            0.0,
            -0.0,
            44.999994422049916
        ],
        "pos": [
            562.4213256835938,
            144.88893127441406,
            -12.5
        ]
    },
    "691.0": {
        "rot": [
            0.0,
            -0.0,
            44.999994422049916
        ],
        "pos": [
            564.5715942382812,
            142.7386474609375,
            -12.5
        ]
    },
    "436.0": {
        "rot": [
            0.0,
            -0.0,
            44.999994422049916
        ],
        "pos": [
            434.7430114746094,
            272.56732177734375,
            -12.5
        ]
    },
    "181.0": {
        "rot": [
            0.0,
            -0.0,
            44.999994422049916
        ],
        "pos": [
            494.3926696777344,
            212.91761779785156,
            -12.5
        ]
    },
    "571.0": {
        "rot": [
            0.0,
            -0.0,
            44.999994422049916
        ],
        "pos": [
            518.72021484375,
            188.5900421142578,
            -12.5
        ]
    },
    "316.0": {
        "rot": [
            0.0,
            -0.0,
            44.999994422049916
        ],
        "pos": [
            427.6233215332031,
            279.68701171875,
            -12.5
        ]
    },
    "61.0": {
        "rot": [
            0.0,
            -0.0,
            44.999994422049916
        ],
        "pos": [
            559.5372314453125,
            147.7730255126953,
            -12.5
        ]
    },
    "706.0": {
        "rot": [
            0.0,
            -0.0,
            44.999994422049916
        ],
        "pos": [
            565.5936279296875,
            141.71665954589844,
            -12.5
        ]
    },
    "451.0": {
        "rot": [
            0.0,
            -0.0,
            44.999994422049916
        ],
        "pos": [
            439.81964111328125,
            267.49066162109375,
            -12.5
        ]
    },
    "196.0": {
        "rot": [
            0.0,
            -0.0,
            44.999994422049916
        ],
        "pos": [
            482.7236328125,
            224.586669921875,
            -12.5
        ]
    },
    "586.0": {
        "rot": [
            0.0,
            -0.0,
            44.999994422049916
        ],
        "pos": [
            528.8038940429688,
            178.50636291503906,
            -12.5
        ]
    },
    "331.0": {
        "rot": [
            0.0,
            -0.0,
            44.999994422049916
        ],
        "pos": [
            425.7850341796875,
            281.5252990722656,
            -12.5
        ]
    },
    "76.0": {
        "rot": [
            0.0,
            -0.0,
            44.999994422049916
        ],
        "pos": [
            555.6136474609375,
            151.69662475585938,
            -12.5
        ]
    },
    "466.0": {
        "rot": [
            0.0,
            -0.0,
            44.999994422049916
        ],
        "pos": [
            446.154541015625,
            261.15576171875,
            -12.5
        ]
    },
    "211.0": {
        "rot": [
            0.0,
            -0.0,
            44.999994422049916
        ],
        "pos": [
            471.63641357421875,
            235.67388916015625,
            -12.5
        ]
    },
    "601.0": {
        "rot": [
            0.0,
            -0.0,
            44.999994422049916
        ],
        "pos": [
            537.6351928710938,
            169.67506408691406,
            -12.5
        ]
    },
    "346.0": {
        "rot": [
            0.0,
            -0.0,
            44.999994422049916
        ],