{
    "256.0": {
        "rot": [
            0.0,
            -0.0,
            44.999994422049916
        ],
        "pos": [
            183.15765380859375,
            -5.551601861952804e-05,
            -12.5
        ]
    },
    "1.0": {
        "rot": [
            0.0,
            -0.0,
            44.999994422049916
        ],
        "pos": [
            424.4647216796875,
            -6.103515625e-05,
            -12.5
        ]
    },
    "646.0": {
        "rot": [
            0.0,
            -0.0,
            44.999994422049916
        ],
        "pos": [
            405.091552734375,
            -4.707498737843707e-05,
            -12.5
        ]
    },
    "391.0": {
        "rot": [
            0.0,
            -0.0,
            44.999994422049916
        ],
        "pos": [
            144.6513671875,
            -5.259412500890903e-05,
            -12.5
        ]
    },
    "136.0": {
        "rot": [
            0.0,
            -0.0,
            44.999994422049916
        ],
        "pos": [
            347.74591064453125,
            -5.8113259001402184e-05,
            -12.5
        ]
    },
    "526.0": {
        "rot": [
            0.0,
            -0.0,
            44.999994422049916
        ],
        "pos": [
            261.2034606933594,
            -4.9672227760311216e-05,
            -12.5
        ]
    },
    "271.0": {
        "rot": [
            0.0,
            -0.0,
            44.999994422049916
        ],
        "pos": [
            170.8339385986328,
            -5.5191365390783176e-05,
            -12.5
        ]
    },
    "16.0": {
        "rot": [
            0.0,
            -0.0,
            44.999994422049916
        ],
        "pos": [
            423.6921691894531,
            -6.071049938327633e-05,
            -12.5
        ]
    },
    "661.0": {
        "rot": [
            0.0,
            -0.0,
            44.999994422049916
        ],
        "pos": [
            412.6484069824219,
            -4.675033414969221e-05,
            -12.5
        ]
    },
    "406.0": {
        "rot": [
            0.0,
            -0.0,
            44.999994422049916
        ],
        "pos": [
            148.56024169921875,
            -5.226946814218536e-05,
            -12.5
        ]
    },
    "151.0": {
        "rot": [
            0.0,
            -0.0,
            44.999994422049916
        ],
        "pos": [
            327.27447509765625,
            -5.778860577265732e-05,
            -12.5
        ]
    },
    "541.0": {
        "rot": [
            0.0,
            -0.0,
            44.999994422049916
        ],
        "pos": [
            284.6175842285156,
            -4.934757453156635e-05,
            -12.5
        ]
    },
    "286.0": {
        "rot": [
            0.0,
            -0.0,
            44.999994422049916
        ],
        "pos": [
            161.00099182128906,
            -5.4866708524059504e-05,
            -12.5
        ]
    },
    "31.0": {
        "rot": [
            0.0,
            -0.0,
            44.999994422049916
        ],
        "pos": [
            421.441162109375,
            -6.0385846154531464e-05,
            -12.5
        ]
    },
    "676.0": {
        "rot": [
            0.0,
            -0.0,
            44.999994422049916
        ],
        "pos": [
            418.15631103515625,
            -4.6425677282968536e-05,
            -12.5
        ]
    },
    "421.0": {
        "rot": [
            0.0,
            -0.0,
            44.999994422049916
        ],
        "pos": [
            154.32839965820312,
            -5.1944814913440496e-05,
            -12.5
        ]
    },
    "166.0": {
        "rot": [
            0.0,
            -0.0,
            44.999994422049916
        ],
        "pos": [
            304.88909912109375,
            -5.746394890593365e-05,
            -12.5
        ]
    },
    "556.0": {
        "rot": [
            0.0,
            -0.0,
            44.999994422049916
        ],
        "pos": [
            307.9556579589844,
            -4.902291766484268e-05,
            -12.5
        ]
    },
    "301.0": {
        "rot": [
            0.0,
            -0.0,
            44.999994422049916
        ],
        "pos": [
            153.4441375732422,
            -5.454205529531464e-05,
            -12.5
        ]
    },
    "46.0": {
        "rot": [
            0.0,
            -0.0,
            44.999994422049916
        ],
        "pos": [
            417.5323181152344,
            -6.006118928780779e-05,
            -12.5
        ]
    },
    "691.0": {
        "rot": [
            0.0,
            -0.0,
            44.999994422049916
        ],
        "pos": [
            421.8328857421875,
            -4.6101020416244864e-05,
            -12.5
        ]
    },
    "436.0": {
        "rot": [
            0.0,
            -0.0,
            44.999994422049916
        ],
        "pos": [
            162.17559814453125,
            -5.1620158046716824e-05,
            -12.5
        ]
    },
    "181.0": {
        "rot": [
            0.0,
            -0.0,
            44.999994422049916
        ],
        "pos": [
            281.4749755859375,
            -5.7139295677188784e-05,
            -12.5
        ]
    },
    "571.0": {
        "rot": [
            0.0,
            -0.0,
            44.999994422049916
        ],
        "pos": [
            330.130126953125,
            -4.869826079811901e-05,
            -12.5
        ]
    },
    "316.0": {
        "rot": [
            0.0,
            -0.0,
            44.999994422049916
        ],
        "pos": [
            147.93621826171875,
            -5.421739842859097e-05,
            -12.5
        ]
    },
    "61.0": {
        "rot": [
            0.0,
            -0.0,
            44.999994422049916
        ],
        "pos": [
            411.7641296386719,
            -5.973653605906293e-05,
            -12.5
        ]
    },
    "706.0": {
        "rot": [
            0.0,
            -0.0,
            44.999994422049916
        ],
        "pos": [
            423.87689208984375,
            -4.57763671875e-05,
            -12.5
        ]
    },
    "451.0": {
        "rot": [
            0.0,
            -0.0,
            44.999994422049916
        ],
        "pos": [
            172.32888793945312,
            -5.129550481797196e-05,
            -12.5
        ]
    },
    "196.0": {
        "rot": [
            0.0,
            -0.0,
            44.999994422049916
        ],
        "pos": [
            258.1368713378906,
            -5.681463881046511e-05,
            -12.5
        ]
    },
    "586.0": {
        "rot": [
            0.0,
            -0.0,
            44.999994422049916
        ],
        "pos": [
            350.2974853515625,
            -4.8373607569374144e-05,
            -12.5
        ]
    },
    "331.0": {
        "rot": [
            0.0,
            -0.0,
            44.999994422049916
        ],
        "pos": [
            144.2596435546875,
            -5.3892745199846104e-05,
            -12.5
        ]
    },
    "76.0": {
        "rot": [
            0.0,
            -0.0,
            44.999994422049916
        ],
        "pos": [
            403.91693115234375,
            -5.9411879192339256e-05,
            -12.5
        ]
    },
    "466.0": {
        "rot": [
            0.0,
            -0.0,
            44.999994422049916
        ],
        "pos": [
            184.99868774414062,
            -5.097084795124829e-05,
            -12.5
        ]
    },
    "211.0": {
        "rot": [
            0.0,
            -0.0,
            44.999994422049916
        ],
        "pos": [
            235.96243286132812,
            -5.648998558172025e-05,
            -12.5
        ]
    },
    "601.0": {
        "rot": [
            0.0,
            -0.0,
            44.999994422049916
        ],
        "pos": [
            367.9600830078125,
            -4.804895434062928e-05,
            -12.5
        ]
    },