{
    "256.0": {
        "rot": [
            0.0,
            -0.0,
            44.999994422049916
        ],
        "pos": [
            707.3104248046875,
            524.152587890625,
            -12.5
        ]
    },
    "1.0": {
        "rot": [
            0.0,
            -0.0,
            44.999994422049916
        ],
        "pos": [
            707.3103637695312,
            282.84552001953125,
            -12.5
        ]
    },
    "646.0": {
        "rot": [
            0.0,
            -0.0,
            44.999994422049916
        ],
        "pos": [
            707.3104248046875,
            302.2186584472656,
            -12.5
        ]
    },
    "391.0": {
        "rot": [
            0.0,
            -0.0,
            44.999994422049916
        ],
        "pos": [
            707.3104858398438,
            562.6588134765625,
            -12.5
        ]
    },
    "136.0": {
        "rot": [
            0.0,
            -0.0,
            44.999994422049916
        ],
        "pos": [
            707.3103637695312,
            359.5643310546875,
            -12.5
        ]
    },
    "526.0": {
        "rot": [
            0.0,
            -0.0,
            44.999994422049916
        ],
        "pos": [
            707.3104248046875,
            446.1067810058594,
            -12.5
        ]
    },
    "271.0": {
        "rot": [
            0.0,
            -0.0,
            44.999994422049916
        ],
        "pos": [
            707.3104858398438,
            536.4763793945312,
            -12.5
        ]
    },
    "16.0": {
        "rot": [
            0.0,
            -0.0,
            44.999994422049916
        ],
        "pos": [
            707.3103637695312,
            283.6180419921875,
            -12.5
        ]
    },
    "661.0": {
        "rot": [
            0.0,
            -0.0,
            44.999994422049916
        ],
        "pos": [
            707.3103637695312,
            294.66180419921875,
            -12.5
        ]
    },
    "406.0": {
        "rot": [
            0.0,
            -0.0,
            44.999994422049916
        ],
        "pos": [
            707.3104858398438,
            558.75,
            -12.5
        ]
    },
    "151.0": {
        "rot": [
            0.0,
            -0.0,
            44.999994422049916
        ],
        "pos": [
            707.3103637695312,
            380.0357666015625,
            -12.5
        ]
    },
    "541.0": {
        "rot": [
            0.0,
            -0.0,
            44.999994422049916
        ],
        "pos": [
            707.3104248046875,
            422.692626953125,
            -12.5
        ]
    },
    "286.0": {
        "rot": [
            0.0,
            -0.0,
            44.999994422049916
        ],
        "pos": [
            707.3104248046875,
            546.3092041015625,
            -12.5
        ]
    },
    "31.0": {
        "rot": [
            0.0,
            -0.0,
            44.999994422049916
        ],
        "pos": [
            707.3103637695312,
            285.8690490722656,
            -12.5
        ]
    },
    "676.0": {
        "rot": [
            0.0,
            -0.0,
            44.999994422049916
        ],
        "pos": [
            707.3103637695312,
            289.1539001464844,
            -12.5
        ]
    },
    "421.0": {
        "rot": [
            0.0,
            -0.0,
            44.999994422049916
        ],
        "pos": [
            707.3104248046875,
            552.9818115234375,
            -12.5
        ]
    },
    "166.0": {
        "rot": [
            0.0,
            -0.0,
            44.999994422049916
        ],
        "pos": [
            707.3104248046875,
            402.421142578125,
            -12.5
        ]
    },
    "556.0": {
        "rot": [
            0.0,
            -0.0,
            44.999994422049916
        ],
        "pos": [
            707.3104248046875,
            399.3545227050781,
            -12.5
        ]
    },
    "301.0": {
        "rot": [
            0.0,
            -0.0,
            44.999994422049916
        ],
        "pos": [
            707.3104858398438,
            553.8660888671875,
            -12.5
        ]
    },
    "46.0": {
        "rot": [
            0.0,
            -0.0,
            44.999994422049916
        ],
        "pos": [
            707.3104248046875,
            289.77789306640625,
            -12.5
        ]
    },
    "691.0": {
        "rot": [
            0.0,
            -0.0,
            44.999994422049916
        ],
        "pos": [
            707.3103637695312,
            285.4773254394531,
            -12.5
        ]
    },
    "436.0": {
        "rot": [
            0.0,
            -0.0,
            44.999994422049916
        ],
        "pos": [
            707.3104248046875,
            545.1346435546875,
            -12.5
        ]
    },
    "181.0": {
        "rot": [
            0.0,
            -0.0,
            44.999994422049916
        ],
        "pos": [
            707.3104248046875,
            425.83526611328125,
            -12.5
        ]
    },
    "571.0": {
        "rot": [
            0.0,
            -0.0,
            44.999994422049916
        ],
        "pos": [
            707.3103637695312,
            377.18011474609375,
            -12.5
        ]
    },
    "316.0": {
        "rot": [
            0.0,
            -0.0,
            44.999994422049916
        ],
        "pos": [
            707.3104248046875,
            559.3740234375,
            -12.5
        ]
    },
    "61.0": {
        "rot": [
            0.0,
            -0.0,
            44.999994422049916
        ],
        "pos": [
            707.3104248046875,
            295.54608154296875,
            -12.5
        ]
    },
    "706.0": {
        "rot": [
            0.0,
            -0.0,
            44.999994422049916
        ],
        "pos": [
            707.3103637695312,
            283.433349609375,
            -12.5
        ]
    },
    "451.0": {
        "rot": [
            0.0,
            -0.0,
            44.999994422049916
        ],
        "pos": [
            707.3104248046875,
            534.9813232421875,
            -12.5
        ]
    },
    "196.0": {
        "rot": [
            0.0,
            -0.0,
            44.999994422049916
        ],
        "pos": [
            707.3104248046875,
            449.17340087890625,
            -12.5
        ]
    },
    "586.0": {
        "rot": [
            0.0,
            -0.0,
            44.999994422049916
        ],
        "pos": [
            707.3103637695312,
            357.01275634765625,
            -12.5
        ]
    },
    "331.0": {
        "rot": [
            0.0,
            -0.0,
            44.999994422049916
        ],
        "pos": [
            707.3104858398438,
            563.050537109375,
            -12.5
        ]
    },
    "76.0": {
        "rot": [
            0.0,
            -0.0,
            44.999994422049916
        ],
        "pos": [
            707.3104248046875,
            303.393310546875,
            -12.5
        ]
    },
    "466.0": {
        "rot": [
            0.0,
            -0.0,
            44.999994422049916
        ],
        "pos": [
            707.3104858398438,
            522.3115234375,
            -12.5
        ]
    },
    "211.0": {
        "rot": [
            0.0,
            -0.0,
            44.999994422049916
        ],
        "pos": [
            707.3104858398438,
            471.34783935546875,
            -12.5
        ]
    },
    "601.0": {
        "rot": [
            0.0,
            -0.0,
            44.999994422049916
        ],
        "pos": [
            707.3104248046875,
            339.35015869140625,
            -12.5
        ]
    },
    "346.0": {
        "rot": [
            0.0,
            -0.0,
            44.999994422049916
        ],