{
    "256.0": {
        "rot": [
            0.0,
            -0.0,
            44.999994422049916
        ],
        "pos": [
            707.3104248046875,
            262.07623291015625,
            -12.5
        ]
    },
    "1.0": {
        "rot": [
            0.0,
            -0.0,
            44.999994422049916
        ],
        "pos": [
            707.3103637695312,
            141.42271423339844,
            -12.5
        ]
    },
    "646.0": {
        "rot": [
            0.0,
            -0.0,
            44.999994422049916
        ],
        "pos": [
            707.3103637695312,
            151.10928344726562,
            -12.5
        ]
    },
    "391.0": {
        "rot": [
            0.0,
            -0.0,
            44.999994422049916
        ],
        "pos": [
            707.3103637695312,
            281.329345703125,
            -12.5
        ]
    },
    "136.0": {
        "rot": [
            0.0,
            -0.0,
            44.999994422049916
        ],
        "pos": [
            707.3104248046875,
            179.78211975097656,
            -12.5
        ]
    },
    "526.0": {
        "rot": [
            0.0,
            -0.0,
            44.999994422049916
        ],
        "pos": [
            707.3104248046875,
            223.05335998535156,
            -12.5
        ]
    },
    "271.0": {
        "rot": [
            0.0,
            -0.0,
            44.999994422049916
        ],
        "pos": [
            707.3104248046875,
            268.23809814453125,
            -12.5
        ]
    },
    "16.0": {
        "rot": [
            0.0,
            -0.0,
            44.999994422049916
        ],
        "pos": [
            707.3103637695312,
            141.80899047851562,
            -12.5
        ]
    },
    "661.0": {
        "rot": [
            0.0,
            -0.0,
            44.999994422049916
        ],
        "pos": [
            707.3103637695312,
            147.3308563232422,
            -12.5
        ]
    },
    "406.0": {
        "rot": [
            0.0,
            -0.0,
            44.999994422049916
        ],
        "pos": [
            707.3103637695312,
            279.3749084472656,
            -12.5
        ]
    },
    "151.0": {
        "rot": [
            0.0,
            -0.0,
            44.999994422049916
        ],
        "pos": [
            707.3104248046875,
            190.017822265625,
            -12.5
        ]
    },
    "541.0": {
        "rot": [
            0.0,
            -0.0,
            44.999994422049916
        ],
        "pos": [
            707.3104248046875,
            211.3462677001953,
            -12.5
        ]
    },
    "286.0": {
        "rot": [
            0.0,
            -0.0,
            44.999994422049916
        ],
        "pos": [
            707.3104248046875,
            273.1545715332031,
            -12.5
        ]
    },
    "31.0": {
        "rot": [
            0.0,
            -0.0,
            44.999994422049916
        ],
        "pos": [
            707.3103637695312,
            142.9344482421875,
            -12.5
        ]
    },
    "676.0": {
        "rot": [
            0.0,
            -0.0,
            44.999994422049916
        ],
        "pos": [
            707.3103637695312,
            144.576904296875,
            -12.5
        ]
    },
    "421.0": {
        "rot": [
            0.0,
            -0.0,
            44.999994422049916
        ],
        "pos": [
            707.3103637695312,
            276.4908447265625,
            -12.5
        ]
    },
    "166.0": {
        "rot": [
            0.0,
            -0.0,
            44.999994422049916
        ],
        "pos": [
            707.3104248046875,
            201.2104949951172,
            -12.5
        ]
    },
    "556.0": {
        "rot": [
            0.0,
            -0.0,
            44.999994422049916
        ],
        "pos": [
            707.3104248046875,
            199.67718505859375,
            -12.5
        ]
    },
    "301.0": {
        "rot": [
            0.0,
            -0.0,
            44.999994422049916
        ],
        "pos": [
            707.3104248046875,
            276.9329833984375,
            -12.5
        ]
    },
    "46.0": {
        "rot": [
            0.0,
            -0.0,
            44.999994422049916
        ],
        "pos": [
            707.3103637695312,
            144.88890075683594,
            -12.5
        ]
    },
    "691.0": {
        "rot": [
            0.0,
            -0.0,
            44.999994422049916
        ],
        "pos": [
            707.3103637695312,
            142.73863220214844,
            -12.5
        ]
    },
    "436.0": {
        "rot": [
            0.0,
            -0.0,
            44.999994422049916
        ],
        "pos": [
            707.3103637695312,
            272.5672607421875,
            -12.5
        ]
    },
    "181.0": {
        "rot": [
            0.0,
            -0.0,
            44.999994422049916
        ],
        "pos": [
            707.3104248046875,
            212.91758728027344,
            -12.5
        ]
    },
    "571.0": {
        "rot": [
            0.0,
            -0.0,
            44.999994422049916
        ],
        "pos": [
            707.3104248046875,
            188.5899658203125,
            -12.5
        ]
    },
    "316.0": {
        "rot": [
            0.0,
            -0.0,
            44.999994422049916
        ],
        "pos": [
            707.3104248046875,
            279.68695068359375,
            -12.5
        ]
    },
    "61.0": {
        "rot": [
            0.0,
            -0.0,
            44.999994422049916
        ],
        "pos": [
            707.3103637695312,
            147.7730255126953,
            -12.5
        ]
    },
    "706.0": {
        "rot": [
            0.0,
            -0.0,
            44.999994422049916
        ],
        "pos": [
            707.3103637695312,
            141.71661376953125,
            -12.5
        ]
    },
    "451.0": {
        "rot": [
            0.0,
            -0.0,
            44.999994422049916
        ],
        "pos": [
            707.3104248046875,
            267.49066162109375,
            -12.5
        ]
    },
    "196.0": {
        "rot": [
            0.0,
            -0.0,
            44.999994422049916
        ],
        "pos": [
            707.3104248046875,
            224.586669921875,
            -12.5
        ]
    },
    "586.0": {
        "rot": [
            0.0,
            -0.0,
            44.999994422049916
        ],
        "pos": [
            707.3104248046875,
            178.50633239746094,
            -12.5
        ]
    },
    "331.0": {
        "rot": [
            0.0,
            -0.0,
            44.999994422049916
        ],
        "pos": [
            707.3104248046875,
            281.52520751953125,
            -12.5
        ]
    },
    "76.0": {
        "rot": [
            0.0,
            -0.0,
            44.999994422049916
        ],
        "pos": [
            707.3103637695312,
            151.69659423828125,
            -12.5
        ]
    },
    "466.0": {
        "rot": [
            0.0,
            -0.0,
            44.999994422049916
        ],
        "pos": [
            707.3103637695312,
            261.15570068359375,
            -12.5
        ]
    },
    "211.0": {
        "rot": [
            0.0,
            -0.0,
            44.999994422049916
        ],
        "pos": [
            707.3104248046875,
            235.6738739013672,
            -12.5
        ]
    },
    "601.0": {
        "rot": [
            0.0,
            -0.0,
            44.999994422049916
        ],
        "pos": [
            707.3103637695312,
            169.675048828125,
            -12.5
        ]
    },
    "346.0": {
        "rot": [
            0.0,
            -0.0,
            44.999994422049916
        ],