{
    "256.0": {
        "rot": [
            0.0,
            -0.0,
            44.999994422049916
        ],
        "pos": [
            707.3102416992188,
            -524.15283203125,
            -12.5
        ]
    },
    "1.0": {
        "rot": [
            0.0,
            -0.0,
            44.999994422049916
        ],
        "pos": [
            707.310302734375,
            -282.8457336425781,
            -12.5
        ]
    },
    "646.0": {
        "rot": [
            0.0,
            -0.0,
            44.999994422049916
        ],
        "pos": [
            707.310302734375,
            -302.2188720703125,
            -12.5
        ]
    },
    "391.0": {
        "rot": [
            0.0,
            -0.0,
            44.999994422049916
        ],
        "pos": [
            707.310302734375,
            -562.6590576171875,
            -12.5
        ]
    },
    "136.0": {
        "rot": [
            0.0,
            -0.0,
            44.999994422049916
        ],
        "pos": [
            707.3102416992188,
            -359.56451416015625,
            -12.5
        ]
    },
    "526.0": {
        "rot": [
            0.0,
            -0.0,
            44.999994422049916
        ],
        "pos": [
            707.3102416992188,
            -446.10699462890625,
            -12.5
        ]
    },
    "271.0": {
        "rot": [
            0.0,
            -0.0,
            44.999994422049916
        ],
        "pos": [
            707.310302734375,
            -536.4765625,
            -12.5
        ]
    },
    "16.0": {
        "rot": [
            0.0,
            -0.0,
            44.999994422049916
        ],
        "pos": [
            707.310302734375,
            -283.6182861328125,
            -12.5
        ]
    },
    "661.0": {
        "rot": [
            0.0,
            -0.0,
            44.999994422049916
        ],
        "pos": [
            707.310302734375,
            -294.6619873046875,
            -12.5
        ]
    },
    "406.0": {
        "rot": [
            0.0,
            -0.0,
            44.999994422049916
        ],
        "pos": [
            707.310302734375,
            -558.7501831054688,
            -12.5
        ]
    },
    "151.0": {
        "rot": [
            0.0,
            -0.0,
            44.999994422049916
        ],
        "pos": [
            707.310302734375,
            -380.03594970703125,
            -12.5
        ]
    },
    "541.0": {
        "rot": [
            0.0,
            -0.0,
            44.999994422049916
        ],
        "pos": [
            707.3102416992188,
            -422.6928405761719,
            -12.5
        ]
    },
    "286.0": {
        "rot": [
            0.0,
            -0.0,
            44.999994422049916
        ],
        "pos": [
            707.310302734375,
            -546.3093872070312,
            -12.5
        ]
    },
    "31.0": {
        "rot": [
            0.0,
            -0.0,
            44.999994422049916
        ],
        "pos": [
            707.3102416992188,
            -285.8692626953125,
            -12.5
        ]
    },
    "676.0": {
        "rot": [
            0.0,
            -0.0,
            44.999994422049916
        ],
        "pos": [
            707.3102416992188,
            -289.1541442871094,
            -12.5
        ]
    },
    "421.0": {
        "rot": [
            0.0,
            -0.0,
            44.999994422049916
        ],
        "pos": [
            707.310302734375,
            -552.9819946289062,
            -12.5
        ]
    },
    "166.0": {
        "rot": [
            0.0,
            -0.0,
            44.999994422049916
        ],
        "pos": [
            707.3102416992188,
            -402.4213562011719,
            -12.5
        ]
    },
    "556.0": {
        "rot": [
            0.0,
            -0.0,
            44.999994422049916
        ],
        "pos": [
            707.3102416992188,
            -399.354736328125,
            -12.5
        ]
    },
    "301.0": {
        "rot": [
            0.0,
            -0.0,
            44.999994422049916
        ],
        "pos": [
            707.310302734375,
            -553.8663330078125,
            -12.5
        ]
    },
    "46.0": {
        "rot": [
            0.0,
            -0.0,
            44.999994422049916
        ],
        "pos": [
            707.3102416992188,
            -289.77813720703125,
            -12.5
        ]
    },
    "691.0": {
        "rot": [
            0.0,
            -0.0,
            44.999994422049916
        ],
        "pos": [
            707.3102416992188,
            -285.4775390625,
            -12.5
        ]
    },
    "436.0": {
        "rot": [
            0.0,
            -0.0,
            44.999994422049916
        ],
        "pos": [
            707.3102416992188,
            -545.1348266601562,
            -12.5
        ]
    },
    "181.0": {
        "rot": [
            0.0,
            -0.0,
            44.999994422049916
        ],
        "pos": [
            707.3102416992188,
            -425.83551025390625,
            -12.5
        ]
    },
    "571.0": {
        "rot": [
            0.0,
            -0.0,
            44.999994422049916
        ],
        "pos": [
            707.3102416992188,
            -377.1802978515625,
            -12.5
        ]
    },
    "316.0": {
        "rot": [
            0.0,
            -0.0,
            44.999994422049916
        ],
        "pos": [
            707.310302734375,
            -559.3742065429688,
            -12.5
        ]
    },
    "61.0": {
        "rot": [
            0.0,
            -0.0,
            44.999994422049916
        ],
        "pos": [
            707.310302734375,
            -295.54632568359375,
            -12.5
        ]
    },
    "706.0": {
        "rot": [
            0.0,
            -0.0,
            44.999994422049916
        ],
        "pos": [
            707.310302734375,
            -283.4335632324219,
            -12.5
        ]
    },
    "451.0": {
        "rot": [
            0.0,
            -0.0,
            44.999994422049916
        ],
        "pos": [
            707.3102416992188,
            -534.9815063476562,
            -12.5
        ]
    },
    "196.0": {
        "rot": [
            0.0,
            -0.0,
            44.999994422049916
        ],
        "pos": [
            707.310302734375,
            -449.1736145019531,
            -12.5
        ]
    },
    "586.0": {
        "rot": [
            0.0,
            -0.0,
            44.999994422049916
        ],
        "pos": [
            707.310302734375,
            -357.0129699707031,
            -12.5
        ]
    },
    "331.0": {
        "rot": [
            0.0,
            -0.0,
            44.999994422049916
        ],
        "pos": [
            707.310302734375,
            -563.05078125,
            -12.5
        ]
    },
    "76.0": {
        "rot": [
            0.0,
            -0.0,
            44.999994422049916
        ],
        "pos": [
            707.310302734375,
            -303.39349365234375,
            -12.5
        ]
    },
    "466.0": {
        "rot": [
            0.0,
            -0.0,
            44.999994422049916
        ],
        "pos": [
            707.3102416992188,
            -522.311767578125,
            -12.5
        ]
    },
    "211.0": {
        "rot": [
            0.0,
            -0.0,
            44.999994422049916
        ],
        "pos": [
            707.310302734375,
            -471.3480529785156,
            -12.5
        ]
    },
    "601.0": {
        "rot": [
            0.0,
            -0.0,
            44.999994422049916
        ],
        "pos": [
            707.310302734375,
            -339.35040283203125,
            -12.5
        ]
    },
    "346.0": {
        "rot": [
            0.0,
            -0.0,
            44.999994422049916
        ],